Workbook

Sheet Anleitung
A1: Tor-1-Vorlage — so wird sie benutzt
A2: Aufgabe A-22 · erstellt 15.09.2026 · Grundlage: Handbuch A (Bauplan Phase 0, „Tag 90: das Tor“), Handbuch B (Kaltstart, drei Tore), 01-steuerung/tor-1-zeitachse-analyse.md (A-23) · Die Vorlage stellt gegenüber — entscheiden tun die Gründer.
A3: LEGENDE: Gelb = von den Gründern einzutragen. Blau = Voreinstellung aus den Projektunterlagen, änderbar. Alles andere rechnet. Die Vorlage gibt keine Empfehlung ab.
A5: # | B5: Schritt
A6: 1 | B6: Vor dem Start (V4): Im Blatt „Zeitachse“ Start der Warteliste und T0 eintragen. Im Blatt „Gegenüberstellung“ die Soll-Werte K4 und K5 eintragen oder bewusst leer lassen. Im Blatt „PLZ-Summen“ festlegen, welche Postleitzahlen zur Startstadt und zum 3-km-Umkreis zählen. Danach nichts mehr an Soll-Werten und Zuordnungen ändern.
A7: 2 | B7: Jede Woche (sonntags): Summen je Postleitzahl aus dem Maildienst übernehmen — nur Anzahlen, keine Adressen. Die drei Summen rechts im Blatt „PLZ-Summen“ in die Wochenzeile des Blatts „Verlauf“ übertragen, dazu Interviews, Zusagen und aktive Partnerorte.
A8: 3 | B8: Am Messtag (Tag 90): letzte Wochenzeile mit dem Stand des Messtags füllen. Das Blatt „Gegenüberstellung“ zeigt Soll, Ist und Ampel.
A9: 4 | B9: Entscheidung: Die Gründer tragen Entscheidung, Datum, Begründung und beide Zustimmungen ein. Wer Soll-Werte nach dem Start verändert hat, schreibt es hin.
A10: ! | B10: Die Warteliste läuft am Messtag bereits rund 151 Tage, nicht 90 — sie startet im Mai 2028, zwei Monate vor T0 (A-23). Die Vergleichsspalten im „Verlauf“ zeigen, ob die Entwicklung zur Erwartung passt.
A11: ! | B11: Datenschutz: In diese Datei kommen nur Summen je Postleitzahl und Zählwerte aus anonymen Interviewprotokollen — nie Namen, Adressen oder Einzelzeilen.
A14: Blätter
A15: # | B15: Blatt und Inhalt
A16: 1 | B16: Gegenüberstellung — fünf Kriterien mit Soll, Ist, Ampel; Überblick; Feld für die Entscheidung der Gründer
A17: 2 | B17: Zeitachse — Start der Warteliste, T0, Messtag, Laufzeit, Erwartungswerte
A18: 3 | B18: PLZ-Summen — bestätigte Eintragungen je Postleitzahl mit Zuordnung zu Startstadt und 3-km-Umkreis
A19: 4 | B19: Verlauf — 26 Wochenzeilen mit kumulierten Ständen und linearen Vergleichswerten

Sheet Gegenüberstellung
A1: Tor 1 — Soll und Ist am Messtag
A2: Aufgabe A-22 · erstellt 15.09.2026 · Grundlage: Handbuch A (Bauplan Phase 0, „Tag 90: das Tor“), Handbuch B (Kaltstart, drei Tore), 01-steuerung/tor-1-zeitachse-analyse.md (A-23) · Die Vorlage stellt gegenüber — entscheiden tun die Gründer.
A3: LEGENDE: Gelb = von den Gründern einzutragen. Blau = Voreinstellung aus den Projektunterlagen, änderbar. Alles andere rechnet. Die Vorlage gibt keine Empfehlung ab.
A5: Nr | B5: Kriterium | C5: Soll | D5: Ist (letzter Stand) | E5: erreicht zu | F5: Ampel | G5: Herkunft des Solls
A6: K1 | B6: Bestätigte Eintragungen auf der Warteliste, gesamt — mehr als | C6: 1500 | D6: =IF(COUNT(Verlauf!D6:D31)=0,"",INDEX(Verlauf!D6:D31,MATCH(9.99E+307,Verlauf!D6:D31))) | E6: =IF(OR(C6="",D6=""),"",IF(N(C6)=0,"",D6/C6)) | F6: =IF(C6="","kein Soll",IF(D6="","kein Ist",IF(D6>C6,"grün",IF(D6>=C6*$C$14,"gelb","rot")))) | G6: Handbuch A, Bauplan Phase 0: „Weiter nur bei über 1.500 Anmeldungen“
A7: K2 | B7: davon aus einer Stadt — mindestens | C7: 900 | D7: =IF(COUNT(Verlauf!F6:F31)=0,"",INDEX(Verlauf!F6:F31,MATCH(9.99E+307,Verlauf!F6:F31))) | E7: =IF(OR(C7="",D7=""),"",IF(N(C7)=0,"",D7/C7)) | F7: =IF(C7="","kein Soll",IF(D7="","kein Ist",IF(D7>=C7,"grün",IF(D7>=C7*$C$14,"gelb","rot")))) | G7: Handbuch A (ebenda) und Handbuch B („Tag 90: 900 Wartelisten-Anmeldungen aus einer Stadt“)
A8: K3 | B8: Anteil der Interviews, in denen Datenschutz ungefragt aufkam — mehr als | C8: =1/3 | D8: =IF(COUNT(Verlauf!K6:K31)=0,"",INDEX(Verlauf!K6:K31,MATCH(9.99E+307,Verlauf!K6:K31))) | E8: =IF(OR(C8="",D8=""),"",IF(N(C8)=0,"",D8/C8)) | F8: =IF(C8="","kein Soll",IF(D8="","kein Ist",IF(D8>C8,"grün",IF(D8>=C8*$C$14,"gelb","rot")))) | G8: Projektannahme (Zeitplan, A-19: „mehr als ein Drittel“). Handbuch B nennt keine Quote: „Kommt Datenschutz nicht ungefragt auf, ist die Kernthese widerlegt.“
A9: K4 | B9: Orte mit mündlicher Zusage — mindestens | D9: =IF(COUNT(Verlauf!L6:L31)=0,"",INDEX(Verlauf!L6:L31,MATCH(9.99E+307,Verlauf!L6:L31))) | E9: =IF(OR(C9="",D9=""),"",IF(N(C9)=0,"",D9/C9)) | F9: =IF(C9="","kein Soll",IF(D9="","kein Ist",IF(D9>=C9,"grün",IF(D9>=C9*$C$14,"gelb","rot")))) | G9: In den Handbüchern ohne Zahl; der KI-Einsatzplan verlangt nur, sie zu zählen. Die Tor-1-Rechnung unterstellt 12 aktive Partnerorte. Soll von den Gründern VOR dem Start einzutragen.
A10: K5 | B10: Eintragungen im 3-km-Umkreis Schaafenstraße — mindestens (Steuerungsgröße) | D10: =IF(COUNT(Verlauf!H6:H31)=0,"",INDEX(Verlauf!H6:H31,MATCH(9.99E+307,Verlauf!H6:H31))) | E10: =IF(OR(C10="",D10=""),"",IF(N(C10)=0,"",D10/C10)) | F10: =IF(C10="","kein Soll",IF(D10="","kein Ist",IF(D10>=C10,"grün",IF(D10>=C10*$C$14,"gelb","rot")))) | G10: Handbuch A: „Dichte messen, nicht Anmeldungen“. Ob Dichte Torwert oder nur Steuerungsgröße ist, ist offen (Tor-1-Analyse, Abschnitt 9, Frage 3). Die Analyse nennt als Beispiel 300 — kein Beschluss.
B12: Ampel
B13: grün = Soll erreicht · gelb = nicht erreicht, aber mindestens der Anteil unten · rot = darunter
B14: Schwelle für gelb (Anteil des Solls) | C14: 0.8 | D14: Voreinstellung dieser Vorlage, keine Vorgabe der Handbücher
B16: Überblick
B17: Kriterien grün | C17: =COUNTIF(F6:F10,"grün")
B18: Kriterien gelb | C18: =COUNTIF(F6:F10,"gelb")
B19: Kriterien rot | C19: =COUNTIF(F6:F10,"rot")
B20: ohne Soll oder Ist | C20: =COUNTIF(F6:F10,"kein*")
B21: Messtag | C21: =Zeitachse!B8
B22: Laufzeit der Warteliste am Messtag (Tage) | C22: =Zeitachse!B9
B23: Erwartung mittel am Messtag | C23: =Zeitachse!B17
B24: Ist gesamt im Verhältnis zur Erwartung mittel | C24: =IF(OR(D6="",Zeitachse!B17=0),"",D6/Zeitachse!B17)
B26: Diese Tabelle empfiehlt nichts. Handbuch A sagt „Weiter nur bei …“ — ob ein gelber Wert, eine Sondersituation oder ein Messfehler anders zu bewerten ist, entscheiden die Gründer. Eine nachträglich gesenkte Schwelle ist wertlos (Tor-1-Analyse, Abschnitt 7).
B28: Entscheidung der Gründer
B29: Entscheidung (weiter · nicht weiterbauen · anderes — dann begründen)
B30: Datum
B31: Begründung (drei Sätze)
B32: Henry Luca Kurz einverstanden (ja/nein)
B33: Nicolas Greulich einverstanden (ja/nein)
B34: Wurden Soll-Werte nach dem Start verändert? (ja/nein — wenn ja: was und warum)

Sheet Zeitachse
A1: Tor 1 — Zeitachse und Eingaben
A2: Aufgabe A-22 · erstellt 15.09.2026 · Grundlage: Handbuch A (Bauplan Phase 0, „Tag 90: das Tor“), Handbuch B (Kaltstart, drei Tore), 01-steuerung/tor-1-zeitachse-analyse.md (A-23) · Die Vorlage stellt gegenüber — entscheiden tun die Gründer.
A3: LEGENDE: Gelb = von den Gründern einzutragen. Blau = Voreinstellung aus den Projektunterlagen, änderbar. Alles andere rechnet. Die Vorlage gibt keine Empfehlung ab.
A5: Größe | B5: Wert | C5: Herkunft
A6: Start der Warteliste (erster Tag mit Eintragungen) | B6: 46874 | C6: Annahme: „Mai 2028“ (zeitplan-bis-start.md, Kanalmonat 8). Tag genau eintragen, sobald bekannt.
A7: T0 — Gründung, Tag 1 der Roadmap | B7: 46935 | C7: Annahme: „Anfang Juli 2028“ — offene Entscheidung Nr. 45 (Alternative September 2028).
A8: Tag 90 — Messtag | B8: =B7+89 | C8: rechnet: T0 ist Tag 1, also Tag 90 = T0 + 89 Tage
A9: Laufzeit der Warteliste am Messtag (Tage) | B9: =B8-B6+1 | C9: rechnet; bei den Annahmen oben 151 Tage wie in der Tor-1-Analyse
A10: davon vor T0 (Tage) | B10: =B7-B6 | C10: rechnet; bei den Annahmen oben 61 Tage
A11: Wochen im Verlauf (volle und angebrochene) | B11: =ROUNDUP(B9/7,0) | C11: rechnet; das Blatt „Verlauf“ hat Platz für 26 Wochen
A12: ColognePride im Messfenster? | C12: eintragen: ja / nein — ColognePride findet regelmäßig am ersten Juliwochenende statt (Nr. 45); Gegenwert laut Tor-1-Analyse rund 480 Eintragungen
A14: Erwartungswerte am Messtag (eigene Reichweitenrechnung)
A15: Fall | B15: Eintragungen | C15: Herkunft
A16: pessimistisch | B16: 1247 | C16: tor-1-zeitachse-analyse.md, Abschnitt 4.2 — Annahmen des Dokuments, keine Erfahrungswerte; gilt für T0 Anfang Juli (ColognePride im Fenster)
A17: mittel | B17: 2437 | C17: tor-1-zeitachse-analyse.md, Abschnitt 4.2 — Annahmen des Dokuments, keine Erfahrungswerte; gilt für T0 Anfang Juli (ColognePride im Fenster)
A18: optimistisch | B18: 3940 | C18: tor-1-zeitachse-analyse.md, Abschnitt 4.2 — Annahmen des Dokuments, keine Erfahrungswerte; gilt für T0 Anfang Juli (ColognePride im Fenster)
A20: Hinweis | C20: Bei T0 im September nennt die Analyse im mittleren Fall 1.957 Eintragungen statt 2.437 (ohne ColognePride). Dann die Werte oben anpassen.

Sheet PLZ-Summen
A1: PLZ-Summen — nur Summen je Gebiet, nie einzelne Personen
A2: Aufgabe A-22 · erstellt 15.09.2026 · Grundlage: Handbuch A (Bauplan Phase 0, „Tag 90: das Tor“), Handbuch B (Kaltstart, drei Tore), 01-steuerung/tor-1-zeitachse-analyse.md (A-23) · Die Vorlage stellt gegenüber — entscheiden tun die Gründer.
A3: So verlangt es der Datenschutzhinweis (A-03): „dafür zählen wir nur Summen je Gebiet, nie einzelne Personen“. Aus dem Maildienst nur die Anzahl bestätigter Eintragungen je Postleitzahl übernehmen. | G3: Stand der Summen vom:
A5: Postleitzahl | B5: Bestätigte Eintragungen (Summe) | C5: zählt zur Startstadt? (ja/nein) | D5: liegt im 3-km-Umkreis Schaafenstraße? (ja/nein) | E5: Notiz | G5: Summe | H5: Wert
G6: alle bestätigten Eintragungen | H6: =SUM(B6:B305)
G7: davon Startstadt | H7: =SUMIF(C6:C305,"ja",B6:B305)
G8: davon 3-km-Umkreis Schaafenstraße | H8: =SUMIF(D6:D305,"ja",B6:B305)
G9: Postleitzahlen ohne Zuordnung | H9: =SUMPRODUCT((A6:A305<>"")*(C6:C305="")) | I9: =IF(H9=0,"keine","zuordnen")
G10: doppelt eingetragene Postleitzahlen | H10: =COUNTA(A6:A305)-SUMPRODUCT((A6:A305<>"")/COUNTIF(A6:A305,A6:A305&"")) | I10: =IF(H10=0,"keine","prüfen")
G12: Regeln
G13: 1. Welche Postleitzahlen zur Startstadt zählen, wird EINMAL vor dem Start festgelegt und nicht mehr geändert.
G14: 2. Den 3-km-Umkreis einmal mit einer Karte bestimmen; eine Postleitzahl zählt, wenn ihr Großteil im Kreis liegt.
G15: 3. Nur bestätigte Eintragungen (Double-Opt-in) zählen.
G16: 4. Keine E-Mail-Adressen, keine Einzelzeilen aus dem Maildienst in diese Datei.
G17: 5. Beispielzeilen gibt es bewusst nicht — erfundene Postleitzahlen würden mitgezählt.

Sheet Verlauf
A1: Verlauf — jede Woche ein Stand
A2: Aufgabe A-22 · erstellt 15.09.2026 · Grundlage: Handbuch A (Bauplan Phase 0, „Tag 90: das Tor“), Handbuch B (Kaltstart, drei Tore), 01-steuerung/tor-1-zeitachse-analyse.md (A-23) · Die Vorlage stellt gegenüber — entscheiden tun die Gründer.
A3: LEGENDE: Gelb = von den Gründern einzutragen. Blau = Voreinstellung aus den Projektunterlagen, änderbar. Alles andere rechnet. Die Vorlage gibt keine Empfehlung ab.
A5: Woche | B5: Stand am (Wochenende) | C5: Tag seit Start | D5: Eintragungen gesamt (kumuliert) | E5: neu in dieser Woche | F5: davon Startstadt (kumuliert) | G5: Anteil Startstadt | H5: davon 3-km-Umkreis (kumuliert) | I5: Interviews gesamt (kumuliert) | J5: davon Datenschutz ungefragt | K5: Quote ungefragt | L5: Orte mit mündlicher Zusage | M5: aktive Partnerorte (verteilen) | N5: Vergleich pessimistisch (linear) | O5: Vergleich mittel (linear) | P5: Vergleich optimistisch (linear) | Q5: Notiz
A6: 1 | B6: =IF(A6>Zeitachse!$B$11,"",MIN(Zeitachse!$B$6+7*A6-1,Zeitachse!$B$8)) | C6: =IF(B6="","",B6-Zeitachse!$B$6+1) | E6: =IF(D6="","",D6-0) | G6: =IF(OR(D6="",F6="",N(D6)=0),"",F6/D6) | K6: =IF(OR(I6="",J6="",N(I6)=0),"",J6/I6) | N6: =IF(C6="","",ROUND(Zeitachse!$B$16*C6/Zeitachse!$B$9,0)) | O6: =IF(C6="","",ROUND(Zeitachse!$B$17*C6/Zeitachse!$B$9,0)) | P6: =IF(C6="","",ROUND(Zeitachse!$B$18*C6/Zeitachse!$B$9,0))
A7: 2 | B7: =IF(A7>Zeitachse!$B$11,"",MIN(Zeitachse!$B$6+7*A7-1,Zeitachse!$B$8)) | C7: =IF(B7="","",B7-Zeitachse!$B$6+1) | E7: =IF(D7="","",D7-N(D6)) | G7: =IF(OR(D7="",F7="",N(D7)=0),"",F7/D7) | K7: =IF(OR(I7="",J7="",N(I7)=0),"",J7/I7) | N7: =IF(C7="","",ROUND(Zeitachse!$B$16*C7/Zeitachse!$B$9,0)) | O7: =IF(C7="","",ROUND(Zeitachse!$B$17*C7/Zeitachse!$B$9,0)) | P7: =IF(C7="","",ROUND(Zeitachse!$B$18*C7/Zeitachse!$B$9,0))
A8: 3 | B8: =IF(A8>Zeitachse!$B$11,"",MIN(Zeitachse!$B$6+7*A8-1,Zeitachse!$B$8)) | C8: =IF(B8="","",B8-Zeitachse!$B$6+1) | E8: =IF(D8="","",D8-N(D7)) | G8: =IF(OR(D8="",F8="",N(D8)=0),"",F8/D8) | K8: =IF(OR(I8="",J8="",N(I8)=0),"",J8/I8) | N8: =IF(C8="","",ROUND(Zeitachse!$B$16*C8/Zeitachse!$B$9,0)) | O8: =IF(C8="","",ROUND(Zeitachse!$B$17*C8/Zeitachse!$B$9,0)) | P8: =IF(C8="","",ROUND(Zeitachse!$B$18*C8/Zeitachse!$B$9,0))
A9: 4 | B9: =IF(A9>Zeitachse!$B$11,"",MIN(Zeitachse!$B$6+7*A9-1,Zeitachse!$B$8)) | C9: =IF(B9="","",B9-Zeitachse!$B$6+1) | E9: =IF(D9="","",D9-N(D8)) | G9: =IF(OR(D9="",F9="",N(D9)=0),"",F9/D9) | K9: =IF(OR(I9="",J9="",N(I9)=0),"",J9/I9) | N9: =IF(C9="","",ROUND(Zeitachse!$B$16*C9/Zeitachse!$B$9,0)) | O9: =IF(C9="","",ROUND(Zeitachse!$B$17*C9/Zeitachse!$B$9,0)) | P9: =IF(C9="","",ROUND(Zeitachse!$B$18*C9/Zeitachse!$B$9,0))
A10: 5 | B10: =IF(A10>Zeitachse!$B$11,"",MIN(Zeitachse!$B$6+7*A10-1,Zeitachse!$B$8)) | C10: =IF(B10="","",B10-Zeitachse!$B$6+1) | E10: =IF(D10="","",D10-N(D9)) | G10: =IF(OR(D10="",F10="",N(D10)=0),"",F10/D10) | K10: =IF(OR(I10="",J10="",N(I10)=0),"",J10/I10) | N10: =IF(C10="","",ROUND(Zeitachse!$B$16*C10/Zeitachse!$B$9,0)) | O10: =IF(C10="","",ROUND(Zeitachse!$B$17*C10/Zeitachse!$B$9,0)) | P10: =IF(C10="","",ROUND(Zeitachse!$B$18*C10/Zeitachse!$B$9,0))
A11: 6 | B11: =IF(A11>Zeitachse!$B$11,"",MIN(Zeitachse!$B$6+7*A11-1,Zeitachse!$B$8)) | C11: =IF(B11="","",B11-Zeitachse!$B$6+1) | E11: =IF(D11="","",D11-N(D10)) | G11: =IF(OR(D11="",F11="",N(D11)=0),"",F11/D11) | K11: =IF(OR(I11="",J11="",N(I11)=0),"",J11/I11) | N11: =IF(C11="","",ROUND(Zeitachse!$B$16*C11/Zeitachse!$B$9,0)) | O11: =IF(C11="","",ROUND(Zeitachse!$B$17*C11/Zeitachse!$B$9,0)) | P11: =IF(C11="","",ROUND(Zeitachse!$B$18*C11/Zeitachse!$B$9,0))
A12: 7 | B12: =IF(A12>Zeitachse!$B$11,"",MIN(Zeitachse!$B$6+7*A12-1,Zeitachse!$B$8)) | C12: =IF(B12="","",B12-Zeitachse!$B$6+1) | E12: =IF(D12="","",D12-N(D11)) | G12: =IF(OR(D12="",F12="",N(D12)=0),"",F12/D12) | K12: =IF(OR(I12="",J12="",N(I12)=0),"",J12/I12) | N12: =IF(C12="","",ROUND(Zeitachse!$B$16*C12/Zeitachse!$B$9,0)) | O12: =IF(C12="","",ROUND(Zeitachse!$B$17*C12/Zeitachse!$B$9,0)) | P12: =IF(C12="","",ROUND(Zeitachse!$B$18*C12/Zeitachse!$B$9,0))
A13: 8 | B13: =IF(A13>Zeitachse!$B$11,"",MIN(Zeitachse!$B$6+7*A13-1,Zeitachse!$B$8)) | C13: =IF(B13="","",B13-Zeitachse!$B$6+1) | E13: =IF(D13="","",D13-N(D12)) | G13: =IF(OR(D13="",F13="",N(D13)=0),"",F13/D13) | K13: =IF(OR(I13="",J13="",N(I13)=0),"",J13/I13) | N13: =IF(C13="","",ROUND(Zeitachse!$B$16*C13/Zeitachse!$B$9,0)) | O13: =IF(C13="","",ROUND(Zeitachse!$B$17*C13/Zeitachse!$B$9,0)) | P13: =IF(C13="","",ROUND(Zeitachse!$B$18*C13/Zeitachse!$B$9,0))
A14: 9 | B14: =IF(A14>Zeitachse!$B$11,"",MIN(Zeitachse!$B$6+7*A14-1,Zeitachse!$B$8)) | C14: =IF(B14="","",B14-Zeitachse!$B$6+1) | E14: =IF(D14="","",D14-N(D13)) | G14: =IF(OR(D14="",F14="",N(D14)=0),"",F14/D14) | K14: =IF(OR(I14="",J14="",N(I14)=0),"",J14/I14) | N14: =IF(C14="","",ROUND(Zeitachse!$B$16*C14/Zeitachse!$B$9,0)) | O14: =IF(C14="","",ROUND(Zeitachse!$B$17*C14/Zeitachse!$B$9,0)) | P14: =IF(C14="","",ROUND(Zeitachse!$B$18*C14/Zeitachse!$B$9,0))
A15: 10 | B15: =IF(A15>Zeitachse!$B$11,"",MIN(Zeitachse!$B$6+7*A15-1,Zeitachse!$B$8)) | C15: =IF(B15="","",B15-Zeitachse!$B$6+1) | E15: =IF(D15="","",D15-N(D14)) | G15: =IF(OR(D15="",F15="",N(D15)=0),"",F15/D15) | K15: =IF(OR(I15="",J15="",N(I15)=0),"",J15/I15) | N15: =IF(C15="","",ROUND(Zeitachse!$B$16*C15/Zeitachse!$B$9,0)) | O15: =IF(C15="","",ROUND(Zeitachse!$B$17*C15/Zeitachse!$B$9,0)) | P15: =IF(C15="","",ROUND(Zeitachse!$B$18*C15/Zeitachse!$B$9,0))
A16: 11 | B16: =IF(A16>Zeitachse!$B$11,"",MIN(Zeitachse!$B$6+7*A16-1,Zeitachse!$B$8)) | C16: =IF(B16="","",B16-Zeitachse!$B$6+1) | E16: =IF(D16="","",D16-N(D15)) | G16: =IF(OR(D16="",F16="",N(D16)=0),"",F16/D16) | K16: =IF(OR(I16="",J16="",N(I16)=0),"",J16/I16) | N16: =IF(C16="","",ROUND(Zeitachse!$B$16*C16/Zeitachse!$B$9,0)) | O16: =IF(C16="","",ROUND(Zeitachse!$B$17*C16/Zeitachse!$B$9,0)) | P16: =IF(C16="","",ROUND(Zeitachse!$B$18*C16/Zeitachse!$B$9,0))
A17: 12 | B17: =IF(A17>Zeitachse!$B$11,"",MIN(Zeitachse!$B$6+7*A17-1,Zeitachse!$B$8)) | C17: =IF(B17="","",B17-Zeitachse!$B$6+1) | E17: =IF(D17="","",D17-N(D16)) | G17: =IF(OR(D17="",F17="",N(D17)=0),"",F17/D17) | K17: =IF(OR(I17="",J17="",N(I17)=0),"",J17/I17) | N17: =IF(C17="","",ROUND(Zeitachse!$B$16*C17/Zeitachse!$B$9,0)) | O17: =IF(C17="","",ROUND(Zeitachse!$B$17*C17/Zeitachse!$B$9,0)) | P17: =IF(C17="","",ROUND(Zeitachse!$B$18*C17/Zeitachse!$B$9,0))
A18: 13 | B18: =IF(A18>Zeitachse!$B$11,"",MIN(Zeitachse!$B$6+7*A18-1,Zeitachse!$B$8)) | C18: =IF(B18="","",B18-Zeitachse!$B$6+1) | E18: =IF(D18="","",D18-N(D17)) | G18: =IF(OR(D18="",F18="",N(D18)=0),"",F18/D18) | K18: =IF(OR(I18="",J18="",N(I18)=0),"",J18/I18) | N18: =IF(C18="","",ROUND(Zeitachse!$B$16*C18/Zeitachse!$B$9,0)) | O18: =IF(C18="","",ROUND(Zeitachse!$B$17*C18/Zeitachse!$B$9,0)) | P18: =IF(C18="","",ROUND(Zeitachse!$B$18*C18/Zeitachse!$B$9,0))
... A31: 26 | B31: =IF(A31>Zeitachse!$B$11,"",MIN(Zeitachse!$B$6+7*A31-1,Zeitachse!$B$8)) | C31: =IF(B31="","",B31-Zeitachse!$B$6+1) | E31: =IF(D31="","",D31-N(D30)) | G31: =IF(OR(D31="",F31="",N(D31)=0),"",F31/D31) | K31: =IF(OR(I31="",J31="",N(I31)=0),"",J31/I31) | N31: =IF(C31="","",ROUND(Zeitachse!$B$16*C31/Zeitachse!$B$9,0)) | O31: =IF(C31="","",ROUND(Zeitachse!$B$17*C31/Zeitachse!$B$9,0)) | P31: =IF(C31="","",ROUND(Zeitachse!$B$18*C31/Zeitachse!$B$9,0))
A33: Rot markiert: Wert unplausibel (negative Wochenzahl, Teilmenge größer als Gesamtmenge).
A34: Die Vergleichsspalten verteilen die Erwartungswerte gleichmäßig auf die Tage. Das ist eine Vereinfachung: Ein ColognePride-Wochenende erzeugt einen Sprung, keine Gerade.
A35: Wochen nach dem Messtag bleiben leer. Kumulierte Werte immer als Gesamtstand eintragen, nicht als Wochenzuwachs.
