Workbook

Sheet Anleitung
A1: Kapitaltabelle Cruizy — Anleitung
A2: Aufgabe A-44 · erstellt 19.09.2026 · Rolle: Transaktionsberater · Dokument 04.08 des Datenraums · Grundlage: offene Entscheidungen Nr. 2, 4, 19, 20
A4: DIESE TABELLE RECHNET. SIE ENTSCHEIDET NICHT. Das Stammkapitalmodell ist offen (Nr. 20), und es gibt keine Beteiligung, kein Angebot und keine Bewertung. Die Werte auf dem Blatt „Beteiligung" sind BEISPIELWERTE zum Rechnen — sie sind von den Gründern zu ersetzen, bevor die Tabelle jemand anderem gezeigt wird.
A6: Farben
A7: BLAU = Stellhebel. Hier wird geändert. Alles andere rechnet sich daraus.
A8: GELB = von Menschen auszufüllen oder zu entscheiden. Ohne Entscheidung bleibt ein Beispielwert stehen.
A9: WEISS mit Formel = Ergebnis. Nicht überschreiben, sonst bricht die Kette.
A10: BERNSTEIN = Hinweis, der bewusst stehen bleibt.
A12: Die Blätter, in der Reihenfolge, in der man sie liest
A13: Blatt | B13: Was darin steht | C13: Wer es anfasst
A14: Stammkapital | B14: Die vier Modelle aus Entscheidung Nr. 20 mit Einzahlung, Resthaftung und Folge. Der Schalter bestimmt, womit die Kapitaltabelle rechnet. | C14: Gründer, mit Anwalt
A15: Kapitaltabelle | B15: Wer hält welche Geschäftsanteile, mit welchem Nennbetrag, zu welchem Anteil — vor jeder Beteiligung. | C15: Gründer
A16: Beteiligung | B16: Was eine Beteiligung mit den Anteilen macht: Investorenanteil, Verwässerung, neue Verteilung. Dazu eine Empfindlichkeitstabelle. | C16: Gründer, vor jedem Gespräch
A17: Herkunft | B17: Jede Zahl mit Quelle. Was hier nicht steht, steht nirgends. | C17: alle
A19: Was diese Tabelle NICHT ist: kein Angebot, keine Bewertung, keine Zusage und kein Ersatz für den Gesellschaftsvertrag. Vesting, Stichentscheid und Mitverkaufsrechte (Nr. 4) stehen dort, nicht hier.

Sheet Stammkapital
A1: Stammkapitalmodell
A2: Vier Modelle aus Entscheidung Nr. 20. Der Schalter unten bestimmt, womit die Kapitaltabelle rechnet.
A4: Nr. | B4: Modell | C4: Stammkapital | D4: sofort einzuzahlen | E4: offene Resthaftung | F4: Was es bedeutet
A5: 1 | B5: 25.000 € voll eingezahlt | C5: 25000 | D5: 25000 | E5: 0 | F5: Der saubere Fall. Kein Haftungsrest, keine Diskussion im Datenraum. Braucht 25.000 € in bar zum Notartermin.
A6: 2 | B6: 25.000 €, davon 12.500 € eingezahlt | C6: 25000 | D6: 12500 | E6: 12500 | F6: Gesetzlich zulässig. Die Differenz bleibt als Einlageschuld bestehen und wird im Insolvenzfall eingefordert — mit Privatvermögen.
A7: 3 | B7: Sachgründung | C7: 25000 | D7: 25000 | E7: 0 | F7: Einlage in Sachwerten statt Geld. Braucht einen Sachgründungsbericht und erhöht Prüfaufwand und Notarkosten; die Werthaltigkeit muss belegt sein.
A8: 4 | B8: UG mit späterer Umwandlung | C8: 1000 | D8: 1000 | E8: 0 | F8: Niedrige Hürde, aber: Rücklagepflicht von einem Viertel des Jahresüberschusses bis 25.000 € erreicht sind, und „UG (haftungsbeschränkt)" steht in jeder Signatur.
A11: SCHALTER — welches Modell gilt (1 bis 4) | D11: 2
A12: GELBES FELD (D11). Voreingestellt Modell 2, weil es im Finanzmodell mit 12.500 € Einzahlung gerechnet ist — das ist eine Rechenvoreinstellung, keine Entscheidung (Nr. 20).
A14: Daraus folgt | D14: Wert
A15: Gewähltes Modell | D15: =INDEX($B$5:$B$8,$D$11) -> 25.000 €, davon 12.500 € eingezahlt
A16: Stammkapital | D16: =INDEX($C$5:$C$8,$D$11) -> 25000
A17: Sofort einzuzahlen | D17: =INDEX($D$5:$D$8,$D$11) -> 12500
A18: Offene Resthaftung | D18: =INDEX($E$5:$E$8,$D$11) -> 12500
A19: Geschäftsanteile zu je 1 € | D19: =INDEX($C$5:$C$8,$D$11) -> 25000
A20: Je Gründer bei 50/50 | D20: =INDEX($C$5:$C$8,$D$11)/2 -> 12500
A22: Geschäftsanteile zu je 1 € Nennbetrag sind der übliche Zuschnitt; er macht Prozentrechnungen ganzzahlig. Der tatsächliche Zuschnitt gehört in den Gesellschaftsvertrag (Nr. 4).

Sheet Kapitaltabelle
A1: Kapitaltabelle vor einer Beteiligung
A2: Stand der Gründung. Rechtsform GmbH (Nr. 2), Verteilung 50/50 mit Stichentscheid im Vertrag (Nr. 4).
A4: Gesellschafter | B4: Geschäftsanteile | C4: Nennbetrag | D4: Anteil | E4: eingezahlt | F4: Anmerkung
A5: Henry Luca Kurz | B5: =Stammkapital!$D$20 -> 12500 | C5: =B5*1 -> 12500 | D5: =B5/$B$7 -> 0.5 | E5: =Stammkapital!$D$17/2 -> 6250 | F5: Gründer. Vesting über vier Jahre mit zwölf Monaten Cliff ist vorgesehen und gehört in den Gesellschaftsvertrag (Nr. 4).
A6: Nicolas Greulich | B6: =Stammkapital!$D$20 -> 12500 | C6: =B6*1 -> 12500 | D6: =B6/$B$7 -> 0.5 | E6: =Stammkapital!$D$17/2 -> 6250 | F6: Gründer. Vesting über vier Jahre mit zwölf Monaten Cliff ist vorgesehen und gehört in den Gesellschaftsvertrag (Nr. 4).
A7: Summe | B7: =SUM(B5:B6) -> 25000 | C7: =SUM(C5:C6) -> 25000 | D7: =SUM(D5:D6) -> 1 | E7: =SUM(E5:E6) -> 12500
A9: Warum hier nur zwei Zeilen stehen: Es gibt keine weiteren Gesellschafter, keine Optionen, keine Wandeldarlehen und keine stillen Beteiligungen. Sollte sich das ändern, kommt je Vorgang eine Zeile dazu — und die Prozentspalte rechnet sich neu.
A11: Nachrichtlich | B11: Wert
A12: Stammkapital gesamt | B12: =Stammkapital!$D$16 -> 25000
A13: Davon eingezahlt | B13: =Stammkapital!$D$17 -> 12500
A14: Offene Einlageschuld | B14: =Stammkapital!$D$18 -> 12500
A15: Anzahl Gesellschafter | B15: =COUNTA(A5:A6) -> 2

Sheet Beteiligung
A1: Was eine Beteiligung mit den Anteilen macht
A2: ALLE WERTE HIER SIND BEISPIELWERTE. Es gibt kein Angebot, keine Bewertung und keine Zusage.
A4: Vor jedem Gespräch zu ersetzen: der Betrag (B7) und die Bewertung vor Beteiligung (B8). Beides sind Gründerentscheidungen und stehen in keinem Dokument des Projekts.
A6: Stellhebel | B6: Wert | C6: Herkunft
A7: Investitionsbetrag | B7: 107349 | C7: BEISPIELWERT = Kapitalbedarf der Firma bei eID-Voreinstellung (Finanzmodell, Blatt „Kennzahlen"). Kein Ask.
A8: Bewertung vor der Beteiligung | B8: 600000 | C8: BEISPIELWERT, frei gesetzt, um die Rechnung zu zeigen. In keinem Projektdokument belegt.
A10: Daraus folgt | B10: Wert | C10: Wie es sich rechnet
A11: Bewertung nach der Beteiligung | B11: =B7+B8 -> 707349 | C11: Bewertung vorher plus Betrag
A12: Anteil des Investors | B12: =B7/B11 -> 0.15176243 | C12: Betrag geteilt durch Bewertung nachher
A13: Preis je Anteil | B13: =B8/Kapitaltabelle!$B$7 -> 24 | C13: Bewertung vorher geteilt durch die bestehenden Anteile
A14: Neue Anteile für den Investor | B14: =ROUND(B7/B13,0) -> 4473 | C14: Betrag geteilt durch den Preis je Anteil
A15: Anteile gesamt nachher | B15: =Kapitaltabelle!$B$7+B14 -> 29473 | C15: bestehende plus neue Anteile
A16: Anteil je Gründer vorher | B16: =Kapitaltabelle!$D$5 -> 0.5 | C16: aus der Kapitaltabelle
A17: Anteil je Gründer nachher | B17: =Kapitaltabelle!$B$5/B15 -> 0.42411699 | C17: unveränderte Anteile, größere Gesamtzahl
A18: Verwässerung je Gründer | B18: =B16-B17 -> 0.075883012 | C18: Differenz in Prozentpunkten
A19: Gemeinsamer Anteil der Gründer nachher | B19: =B17*2 -> 0.84823398 | C19: beide zusammen — unter 50 % heißt: nicht mehr in der Mehrheit
A21: Die letzte Zeile ist die, auf die es ankommt. Sinkt der gemeinsame Anteil unter 50 Prozent, entscheidet bei jeder Gesellschafterversammlung jemand anderes mit — unabhängig davon, was im Vertrag über den Stichentscheid steht (Nr. 4).
A23: Empfindlichkeit: Anteil des Investors bei drei Beträgen und drei Bewertungen
A24: Betrag \ Bewertung vorher | B24: 400000 | C24: 600000 | D24: 900000
A25: 50000 | B25: =$A25/($A25+B$24) -> 0.11111111 | C25: =$A25/($A25+C$24) -> 0.076923077 | D25: =$A25/($A25+D$24) -> 0.052631579
A26: 107349 | B26: =$A26/($A26+B$24) -> 0.21158808 | C26: =$A26/($A26+C$24) -> 0.15176243 | D26: =$A26/($A26+D$24) -> 0.10656585
A27: 200000 | B27: =$A27/($A27+B$24) -> 0.33333333 | C27: =$A27/($A27+C$24) -> 0.25 | D27: =$A27/($A27+D$24) -> 0.18181818
A29: Alle neun Felder sind Rechenbeispiele. Sie zeigen nur, wie empfindlich der Investorenanteil auf die Bewertung reagiert — nicht, was angemessen wäre.

Sheet Herkunft
A1: Herkunft jeder Zahl
A2: Was hier nicht steht, steht nirgends. Stand 19.09.2026.
A4: Größe | B4: Wert oder Quelle | C4: Art
A5: Rechtsform GmbH | B5: Entscheidung Nr. 2, entschieden am 26.07.2026 | C5: entschieden
A6: Verteilung 50/50 | B6: Entscheidung Nr. 4: Stichentscheid bei 50/50 ist Vertragsgegenstand | C6: entschieden
A7: Namen der Gesellschafter | B7: Entscheidung Nr. 19: die Namen werden ohnehin öffentlich (§ 5 DDG) | C7: entschieden
A8: Stammkapitalmodell | B8: Entscheidung Nr. 20 — vier Modelle liegen vor, keines gewählt | C8: OFFEN
A9: 25.000 € Stammkapital | B9: gesetzlicher Mindestbetrag der GmbH | C9: Gesetz
A10: 12.500 € Mindesteinzahlung | B10: die Hälfte des Stammkapitals, gesetzlich zulässig; Rest bleibt Einlageschuld | C10: Gesetz
A11: Rücklagepflicht der UG | B11: ein Viertel des Jahresüberschusses, bis 25.000 € erreicht sind | C11: Gesetz
A12: Notarkosten 2.600 € | B12: Finanzmodell, Blatt „Annahmen": Notar, Handelsregister, Gesellschaftsvertrag | C12: Planwert
A13: Investitionsbetrag 107.349 € | B13: BEISPIELWERT = Kapitalbedarf bei eID-Voreinstellung (Finanzmodell, Blatt „Kennzahlen") | C13: BEISPIEL
A14: Bewertung 600.000 € | B14: BEISPIELWERT, frei gesetzt. In keinem Projektdokument belegt und von niemandem geprüft | C14: BEISPIEL
A15: Vesting 4 Jahre, 12 Monate Cliff | B15: Entscheidung Nr. 4 — vorgesehen, noch nicht vertraglich | C15: OFFEN
A16: Geschäftsanteile zu je 1 € | B16: üblicher Zuschnitt; der tatsächliche gehört in den Gesellschaftsvertrag | C16: ANNAHME
A18: Vier Zeilen dieser Tabelle sind offen oder Beispiel. Solange das so ist, ist die Kapitaltabelle ein Rechenwerkzeug und kein Dokument für einen Datenraum. Sie wird es in dem Moment, in dem Nr. 20 entschieden ist und die Gründer einen Betrag festgelegt haben.
