Workbook

Sheet Anleitung
A1: Wartelisten-Umfrage — Auswertung
A2: Aufgabe A-28 · erstellt 16.09.2026 · Grundlage: 20-interviews-feedback/wartelisten-umfrage.md, Handbuch B Teil VIII · Nur Summen eintragen, nie einzelne Antworten.
A3: LEGENDE: Gelb mit blauer Schrift = Summen aus dem Umfragewerkzeug eintragen. Alles andere rechnet. Zellen unter 10 werden nicht ausgewiesen.
A5: # | B5: Schritt
A6: 1 | B6: Jede Woche: Aufrufe und abgeschickte Antworten als Summen aus dem Umfragewerkzeug ins Blatt „Rücklauf“ übernehmen, dazu die neu bestätigten Eintragungen.
A7: 2 | B7: Zur Auswertung (frühestens ab 100 Antworten): Die Kreuztabellen B bis E aus dem Werkzeug als Summen übernehmen — nie einzelne Antworten.
A8: 3 | B8: Freitexte vorher nach dem Codebuch (Umfrage, Abschnitt 4.3) codieren, die Summen in Blatt E eintragen, die Freitexte danach löschen (Frist: Nr. 61).
A9: 4 | B9: Blatt F: die drei Summen aus tor-1-vorlage.xlsx eintragen und prüfen, ob die Umfrage für die ganze Liste spricht.
A10: 5 | B10: Lesen nach den Regeln im Blatt „Fehlerspanne“: Anteile erst ab 100 je Gruppe, Unterschiede erst jenseits beider Spannen, Zellen unter 10 nicht ausweisen.
A11: ! | B11: Die Umfrage prüft die Kernthese nicht. Ob Datenschutz ungefragt aufkommt, zeigen nur die anonymen Interviews.
A13: Blätter
A14: # | B14: Blatt und Inhalt
A15: 1 | B15: Rücklauf — Tabelle A: Aufrufe, Antworten, Abbruch- und Teilnahmequote je Woche
A16: 2 | B16: B Gebiet×Alter — Tabelle B mit Zeilenprozent, Spanne und Belastbarkeit
A17: 3 | B17: C Apps×Verhalten — Tabelle C: Anteil mit Löschung oder Kündigung je genutzter App
A18: 4 | B18: D Alter×Apps — Tabelle D: App-Nutzung je Altersgruppe
A19: 5 | B19: E Freitext×Alter — Tabelle E: Codes aus dem Freitext je Altersgruppe
A20: 6 | B20: F Vergleich — Tabelle F: Gebietsverteilung Umfrage gegen Warteliste
A21: 7 | B21: Fehlerspanne — Parameter, Spannen nach Fallzahl, Endlichkeitskorrektur, Regeln

Sheet Rücklauf
A1: A · Rücklauf je Woche
A2: Aufgabe A-28 · erstellt 16.09.2026 · Grundlage: 20-interviews-feedback/wartelisten-umfrage.md, Handbuch B Teil VIII · Nur Summen eintragen, nie einzelne Antworten.
A3: LEGENDE: Gelb mit blauer Schrift = Summen aus dem Umfragewerkzeug eintragen. Alles andere rechnet. Zellen unter 10 werden nicht ausgewiesen.
A5: Woche | B5: Stand am | C5: Aufrufe der Umfrageseite | D5: abgeschickte Antworten | E5: Abbruchquote | F5: neu bestätigte Eintragungen | G5: Teilnahmequote | H5: Notiz
A6: 1 | E6: =IF(N(C6)=0,"",1-D6/C6) | G6: =IF(N(F6)=0,"",D6/F6)
A7: 2 | E7: =IF(N(C7)=0,"",1-D7/C7) | G7: =IF(N(F7)=0,"",D7/F7)
A8: 3 | E8: =IF(N(C8)=0,"",1-D8/C8) | G8: =IF(N(F8)=0,"",D8/F8)
A9: 4 | E9: =IF(N(C9)=0,"",1-D9/C9) | G9: =IF(N(F9)=0,"",D9/F9)
A10: 5 | E10: =IF(N(C10)=0,"",1-D10/C10) | G10: =IF(N(F10)=0,"",D10/F10)
A11: 6 | E11: =IF(N(C11)=0,"",1-D11/C11) | G11: =IF(N(F11)=0,"",D11/F11)
A12: 7 | E12: =IF(N(C12)=0,"",1-D12/C12) | G12: =IF(N(F12)=0,"",D12/F12)
A13: 8 | E13: =IF(N(C13)=0,"",1-D13/C13) | G13: =IF(N(F13)=0,"",D13/F13)
A14: 9 | E14: =IF(N(C14)=0,"",1-D14/C14) | G14: =IF(N(F14)=0,"",D14/F14)
A15: 10 | E15: =IF(N(C15)=0,"",1-D15/C15) | G15: =IF(N(F15)=0,"",D15/F15)
A16: 11 | E16: =IF(N(C16)=0,"",1-D16/C16) | G16: =IF(N(F16)=0,"",D16/F16)
A17: 12 | E17: =IF(N(C17)=0,"",1-D17/C17) | G17: =IF(N(F17)=0,"",D17/F17)
... A31: 26 | E31: =IF(N(C31)=0,"",1-D31/C31) | G31: =IF(N(F31)=0,"",D31/F31)
A32: Summe | C32: =SUM(C6:C31) | D32: =SUM(D6:D31) | E32: =IF(N(C32)=0,"",1-D32/C32) | F32: =SUM(F6:F31) | G32: =IF(N(F32)=0,"",D32/F32)
A34: Prüfung | C34: =IF(COUNTIF(E6:E31,"<0")>0,"Mehr Antworten als Aufrufe in mindestens einer Woche — Zählung prüfen","keine Auffälligkeit")
A36: Abbruchquote = 1 − abgeschickt ÷ Aufrufe. Teilnahmequote = abgeschickt ÷ neu bestätigte Eintragungen derselben Woche (bei Weg A). Bei Weg B die Zahl der angeschriebenen Eintragungen eintragen.
A37: Zählung nur serverseitig und als Summe — keine Cookies, keine Kennungen (Umfrage, Abschnitt 1.2).

Sheet B Gebiet×Alter
A1: B · Gebiet × Altersgruppe
A2: Aufgabe A-28 · erstellt 16.09.2026 · Grundlage: 20-interviews-feedback/wartelisten-umfrage.md, Handbuch B Teil VIII · Nur Summen eintragen, nie einzelne Antworten.
A3: LEGENDE: Gelb mit blauer Schrift = Summen aus dem Umfragewerkzeug eintragen. Alles andere rechnet. Zellen unter 10 werden nicht ausgewiesen.
A5: Gebiet | B5: 18–25 | C5: 26–35 | D5: 36–50 | E5: über 50 | F5: keine Angabe | G5: Summe | H5: Spanne ± | I5: Anteile belastbar?
A6: 3-km-Umkreis Schaafenstraße | G6: =SUM(B6:F6) | H6: =IF(N(G6)=0,"",Fehlerspanne!$B$6*SQRT(Fehlerspanne!$B$5*(1-Fehlerspanne!$B$5)/G6)) | I6: =IF(N(G6)=0,"",IF(G6>=Fehlerspanne!$B$8,"ja","nein — nur Rangfolge"))
A7: übrige Startstadt | G7: =SUM(B7:F7) | H7: =IF(N(G7)=0,"",Fehlerspanne!$B$6*SQRT(Fehlerspanne!$B$5*(1-Fehlerspanne!$B$5)/G7)) | I7: =IF(N(G7)=0,"",IF(G7>=Fehlerspanne!$B$8,"ja","nein — nur Rangfolge"))
A8: außerhalb der Startstadt | G8: =SUM(B8:F8) | H8: =IF(N(G8)=0,"",Fehlerspanne!$B$6*SQRT(Fehlerspanne!$B$5*(1-Fehlerspanne!$B$5)/G8)) | I8: =IF(N(G8)=0,"",IF(G8>=Fehlerspanne!$B$8,"ja","nein — nur Rangfolge"))
A9: ohne Postleitzahl | G9: =SUM(B9:F9) | H9: =IF(N(G9)=0,"",Fehlerspanne!$B$6*SQRT(Fehlerspanne!$B$5*(1-Fehlerspanne!$B$5)/G9)) | I9: =IF(N(G9)=0,"",IF(G9>=Fehlerspanne!$B$8,"ja","nein — nur Rangfolge"))
A10: Summe | B10: =SUM(B6:B9) | C10: =SUM(C6:C9) | D10: =SUM(D6:D9) | E10: =SUM(E6:E9) | F10: =SUM(F6:F9) | G10: =SUM(G6:G9) | H10: =IF(N(G10)=0,"",Fehlerspanne!$B$6*SQRT(Fehlerspanne!$B$5*(1-Fehlerspanne!$B$5)/G10)) | I10: =IF(N(G10)=0,"",IF(G10>=Fehlerspanne!$B$8,"ja","nein — nur Rangfolge"))
A12: Anteile je Gebiet (Zeilenprozent)
A13: Gebiet | B13: 18–25 | C13: 26–35 | D13: 36–50 | E13: über 50 | F13: keine Angabe
A14: 3-km-Umkreis Schaafenstraße | B14: =IF(OR($G$6="",N($G$6)=0),"",IF(N(B6)<Fehlerspanne!$B$7,"unter "&Fehlerspanne!$B$7,B6/$G$6)) | C14: =IF(OR($G$6="",N($G$6)=0),"",IF(N(C6)<Fehlerspanne!$B$7,"unter "&Fehlerspanne!$B$7,C6/$G$6)) | D14: =IF(OR($G$6="",N($G$6)=0),"",IF(N(D6)<Fehlerspanne!$B$7,"unter "&Fehlerspanne!$B$7,D6/$G$6)) | E14: =IF(OR($G$6="",N($G$6)=0),"",IF(N(E6)<Fehlerspanne!$B$7,"unter "&Fehlerspanne!$B$7,E6/$G$6)) | F14: =IF(OR($G$6="",N($G$6)=0),"",IF(N(F6)<Fehlerspanne!$B$7,"unter "&Fehlerspanne!$B$7,F6/$G$6))
A15: übrige Startstadt | B15: =IF(OR($G$7="",N($G$7)=0),"",IF(N(B7)<Fehlerspanne!$B$7,"unter "&Fehlerspanne!$B$7,B7/$G$7)) | C15: =IF(OR($G$7="",N($G$7)=0),"",IF(N(C7)<Fehlerspanne!$B$7,"unter "&Fehlerspanne!$B$7,C7/$G$7)) | D15: =IF(OR($G$7="",N($G$7)=0),"",IF(N(D7)<Fehlerspanne!$B$7,"unter "&Fehlerspanne!$B$7,D7/$G$7)) | E15: =IF(OR($G$7="",N($G$7)=0),"",IF(N(E7)<Fehlerspanne!$B$7,"unter "&Fehlerspanne!$B$7,E7/$G$7)) | F15: =IF(OR($G$7="",N($G$7)=0),"",IF(N(F7)<Fehlerspanne!$B$7,"unter "&Fehlerspanne!$B$7,F7/$G$7))
A16: außerhalb der Startstadt | B16: =IF(OR($G$8="",N($G$8)=0),"",IF(N(B8)<Fehlerspanne!$B$7,"unter "&Fehlerspanne!$B$7,B8/$G$8)) | C16: =IF(OR($G$8="",N($G$8)=0),"",IF(N(C8)<Fehlerspanne!$B$7,"unter "&Fehlerspanne!$B$7,C8/$G$8)) | D16: =IF(OR($G$8="",N($G$8)=0),"",IF(N(D8)<Fehlerspanne!$B$7,"unter "&Fehlerspanne!$B$7,D8/$G$8)) | E16: =IF(OR($G$8="",N($G$8)=0),"",IF(N(E8)<Fehlerspanne!$B$7,"unter "&Fehlerspanne!$B$7,E8/$G$8)) | F16: =IF(OR($G$8="",N($G$8)=0),"",IF(N(F8)<Fehlerspanne!$B$7,"unter "&Fehlerspanne!$B$7,F8/$G$8))
A17: ohne Postleitzahl | B17: =IF(OR($G$9="",N($G$9)=0),"",IF(N(B9)<Fehlerspanne!$B$7,"unter "&Fehlerspanne!$B$7,B9/$G$9)) | C17: =IF(OR($G$9="",N($G$9)=0),"",IF(N(C9)<Fehlerspanne!$B$7,"unter "&Fehlerspanne!$B$7,C9/$G$9)) | D17: =IF(OR($G$9="",N($G$9)=0),"",IF(N(D9)<Fehlerspanne!$B$7,"unter "&Fehlerspanne!$B$7,D9/$G$9)) | E17: =IF(OR($G$9="",N($G$9)=0),"",IF(N(E9)<Fehlerspanne!$B$7,"unter "&Fehlerspanne!$B$7,E9/$G$9)) | F17: =IF(OR($G$9="",N($G$9)=0),"",IF(N(F9)<Fehlerspanne!$B$7,"unter "&Fehlerspanne!$B$7,F9/$G$9))
A18: alle | B18: =IF(OR($G$10="",N($G$10)=0),"",IF(N(B10)<Fehlerspanne!$B$7,"unter "&Fehlerspanne!$B$7,B10/$G$10)) | C18: =IF(OR($G$10="",N($G$10)=0),"",IF(N(C10)<Fehlerspanne!$B$7,"unter "&Fehlerspanne!$B$7,C10/$G$10)) | D18: =IF(OR($G$10="",N($G$10)=0),"",IF(N(D10)<Fehlerspanne!$B$7,"unter "&Fehlerspanne!$B$7,D10/$G$10)) | E18: =IF(OR($G$10="",N($G$10)=0),"",IF(N(E10)<Fehlerspanne!$B$7,"unter "&Fehlerspanne!$B$7,E10/$G$10)) | F18: =IF(OR($G$10="",N($G$10)=0),"",IF(N(F10)<Fehlerspanne!$B$7,"unter "&Fehlerspanne!$B$7,F10/$G$10))
A21: 3-km-Umkreis und übrige Startstadt schließen sich aus; zusammen ergeben sie die Startstadt. Zuordnung der Postleitzahlen wie in tor-1-vorlage.xlsx.
A22: Anteile unter der Mindestzahl je Gruppe (Blatt „Fehlerspanne“) nur als Rangfolge lesen.

Sheet C Apps×Verhalten
A1: C · genutzte App × Löschung oder Kündigung in zwölf Monaten
A2: Aufgabe A-28 · erstellt 16.09.2026 · Grundlage: 20-interviews-feedback/wartelisten-umfrage.md, Handbuch B Teil VIII · Nur Summen eintragen, nie einzelne Antworten.
A3: LEGENDE: Gelb mit blauer Schrift = Summen aus dem Umfragewerkzeug eintragen. Alles andere rechnet. Zellen unter 10 werden nicht ausgewiesen.
A5: genutzte App (F3) | B5: App gelöscht | C5: Abo gekündigt | D5: beides | E5: nein | F5: weiß nicht mehr | G5: ohne Angabe | H5: Summe | I5: mit Antwort ja/nein | J5: Anteil mit Löschung oder Kündigung | K5: Spanne ± | L5: Anteil belastbar?
A6: Grindr | H6: =SUM(B6:G6) | I6: =SUM(B6:E6) | J6: =IF(N(I6)=0,"",IF(I6<Fehlerspanne!$B$7,"unter "&Fehlerspanne!$B$7,SUM(B6:D6)/I6)) | K6: =IF(N(I6)=0,"",Fehlerspanne!$B$6*SQRT(Fehlerspanne!$B$5*(1-Fehlerspanne!$B$5)/I6)) | L6: =IF(N(I6)=0,"",IF(I6>=Fehlerspanne!$B$8,"ja","nein — nur Rangfolge"))
A7: ROMEO | H7: =SUM(B7:G7) | I7: =SUM(B7:E7) | J7: =IF(N(I7)=0,"",IF(I7<Fehlerspanne!$B$7,"unter "&Fehlerspanne!$B$7,SUM(B7:D7)/I7)) | K7: =IF(N(I7)=0,"",Fehlerspanne!$B$6*SQRT(Fehlerspanne!$B$5*(1-Fehlerspanne!$B$5)/I7)) | L7: =IF(N(I7)=0,"",IF(I7>=Fehlerspanne!$B$8,"ja","nein — nur Rangfolge"))
A8: SCRUFF | H8: =SUM(B8:G8) | I8: =SUM(B8:E8) | J8: =IF(N(I8)=0,"",IF(I8<Fehlerspanne!$B$7,"unter "&Fehlerspanne!$B$7,SUM(B8:D8)/I8)) | K8: =IF(N(I8)=0,"",Fehlerspanne!$B$6*SQRT(Fehlerspanne!$B$5*(1-Fehlerspanne!$B$5)/I8)) | L8: =IF(N(I8)=0,"",IF(I8>=Fehlerspanne!$B$8,"ja","nein — nur Rangfolge"))
A9: Hornet | H9: =SUM(B9:G9) | I9: =SUM(B9:E9) | J9: =IF(N(I9)=0,"",IF(I9<Fehlerspanne!$B$7,"unter "&Fehlerspanne!$B$7,SUM(B9:D9)/I9)) | K9: =IF(N(I9)=0,"",Fehlerspanne!$B$6*SQRT(Fehlerspanne!$B$5*(1-Fehlerspanne!$B$5)/I9)) | L9: =IF(N(I9)=0,"",IF(I9>=Fehlerspanne!$B$8,"ja","nein — nur Rangfolge"))
A10: Sniffies | H10: =SUM(B10:G10) | I10: =SUM(B10:E10) | J10: =IF(N(I10)=0,"",IF(I10<Fehlerspanne!$B$7,"unter "&Fehlerspanne!$B$7,SUM(B10:D10)/I10)) | K10: =IF(N(I10)=0,"",Fehlerspanne!$B$6*SQRT(Fehlerspanne!$B$5*(1-Fehlerspanne!$B$5)/I10)) | L10: =IF(N(I10)=0,"",IF(I10>=Fehlerspanne!$B$8,"ja","nein — nur Rangfolge"))
A11: andere | H11: =SUM(B11:G11) | I11: =SUM(B11:E11) | J11: =IF(N(I11)=0,"",IF(I11<Fehlerspanne!$B$7,"unter "&Fehlerspanne!$B$7,SUM(B11:D11)/I11)) | K11: =IF(N(I11)=0,"",Fehlerspanne!$B$6*SQRT(Fehlerspanne!$B$5*(1-Fehlerspanne!$B$5)/I11)) | L11: =IF(N(I11)=0,"",IF(I11>=Fehlerspanne!$B$8,"ja","nein — nur Rangfolge"))
A12: keine | H12: =SUM(B12:G12) | I12: =SUM(B12:E12) | J12: =IF(N(I12)=0,"",IF(I12<Fehlerspanne!$B$7,"unter "&Fehlerspanne!$B$7,SUM(B12:D12)/I12)) | K12: =IF(N(I12)=0,"",Fehlerspanne!$B$6*SQRT(Fehlerspanne!$B$5*(1-Fehlerspanne!$B$5)/I12)) | L12: =IF(N(I12)=0,"",IF(I12>=Fehlerspanne!$B$8,"ja","nein — nur Rangfolge"))
A14: Mehrfachauswahl: Wer zwei Apps nutzt, zählt in zwei Zeilen. Deshalb gibt es keine Summenzeile über alle Apps.
A15: Anteil = (gelöscht + gekündigt + beides) ÷ (dieselben + nein). „weiß nicht mehr“ und „ohne Angabe“ zählen nicht mit.
A16: F4 fragt nach irgendeiner App, nicht nach der genannten: Die Zeile zeigt, wie wechselfreudig die Nutzer einer App sind — nicht, wie oft genau diese App gelöscht wird.

Sheet D Alter×Apps
A1: D · Altersgruppe × genutzte App
A2: Aufgabe A-28 · erstellt 16.09.2026 · Grundlage: 20-interviews-feedback/wartelisten-umfrage.md, Handbuch B Teil VIII · Nur Summen eintragen, nie einzelne Antworten.
A3: LEGENDE: Gelb mit blauer Schrift = Summen aus dem Umfragewerkzeug eintragen. Alles andere rechnet. Zellen unter 10 werden nicht ausgewiesen.
A5: Altersgruppe | B5: Befragte (aus Blatt B) | C5: Grindr | D5: ROMEO | E5: SCRUFF | F5: Hornet | G5: Sniffies | H5: andere | I5: keine
A6: 18–25 | B6: ='B Gebiet×Alter'!B10
A7: 26–35 | B7: ='B Gebiet×Alter'!C10
A8: 36–50 | B8: ='B Gebiet×Alter'!D10
A9: über 50 | B9: ='B Gebiet×Alter'!E10
A10: keine Angabe | B10: ='B Gebiet×Alter'!F10
A11: alle | B11: =SUM(B6:B10) | C11: =SUM(C6:C10) | D11: =SUM(D6:D10) | E11: =SUM(E6:E10) | F11: =SUM(F6:F10) | G11: =SUM(G6:G10) | H11: =SUM(H6:H10) | I11: =SUM(I6:I10)
A13: Anteil der Befragten, die die App nutzen
A14: Altersgruppe | B14: Befragte | C14: Grindr | D14: ROMEO | E14: SCRUFF | F14: Hornet | G14: Sniffies | H14: andere | I14: keine
A15: 18–25 | B15: =B6 | C15: =IF(OR($B$6="",N($B$6)=0),"",IF(N(C6)<Fehlerspanne!$B$7,"unter "&Fehlerspanne!$B$7,C6/$B$6)) | D15: =IF(OR($B$6="",N($B$6)=0),"",IF(N(D6)<Fehlerspanne!$B$7,"unter "&Fehlerspanne!$B$7,D6/$B$6)) | E15: =IF(OR($B$6="",N($B$6)=0),"",IF(N(E6)<Fehlerspanne!$B$7,"unter "&Fehlerspanne!$B$7,E6/$B$6)) | F15: =IF(OR($B$6="",N($B$6)=0),"",IF(N(F6)<Fehlerspanne!$B$7,"unter "&Fehlerspanne!$B$7,F6/$B$6)) | G15: =IF(OR($B$6="",N($B$6)=0),"",IF(N(G6)<Fehlerspanne!$B$7,"unter "&Fehlerspanne!$B$7,G6/$B$6)) | H15: =IF(OR($B$6="",N($B$6)=0),"",IF(N(H6)<Fehlerspanne!$B$7,"unter "&Fehlerspanne!$B$7,H6/$B$6)) | I15: =IF(OR($B$6="",N($B$6)=0),"",IF(N(I6)<Fehlerspanne!$B$7,"unter "&Fehlerspanne!$B$7,I6/$B$6))
A16: 26–35 | B16: =B7 | C16: =IF(OR($B$7="",N($B$7)=0),"",IF(N(C7)<Fehlerspanne!$B$7,"unter "&Fehlerspanne!$B$7,C7/$B$7)) | D16: =IF(OR($B$7="",N($B$7)=0),"",IF(N(D7)<Fehlerspanne!$B$7,"unter "&Fehlerspanne!$B$7,D7/$B$7)) | E16: =IF(OR($B$7="",N($B$7)=0),"",IF(N(E7)<Fehlerspanne!$B$7,"unter "&Fehlerspanne!$B$7,E7/$B$7)) | F16: =IF(OR($B$7="",N($B$7)=0),"",IF(N(F7)<Fehlerspanne!$B$7,"unter "&Fehlerspanne!$B$7,F7/$B$7)) | G16: =IF(OR($B$7="",N($B$7)=0),"",IF(N(G7)<Fehlerspanne!$B$7,"unter "&Fehlerspanne!$B$7,G7/$B$7)) | H16: =IF(OR($B$7="",N($B$7)=0),"",IF(N(H7)<Fehlerspanne!$B$7,"unter "&Fehlerspanne!$B$7,H7/$B$7)) | I16: =IF(OR($B$7="",N($B$7)=0),"",IF(N(I7)<Fehlerspanne!$B$7,"unter "&Fehlerspanne!$B$7,I7/$B$7))
A17: 36–50 | B17: =B8 | C17: =IF(OR($B$8="",N($B$8)=0),"",IF(N(C8)<Fehlerspanne!$B$7,"unter "&Fehlerspanne!$B$7,C8/$B$8)) | D17: =IF(OR($B$8="",N($B$8)=0),"",IF(N(D8)<Fehlerspanne!$B$7,"unter "&Fehlerspanne!$B$7,D8/$B$8)) | E17: =IF(OR($B$8="",N($B$8)=0),"",IF(N(E8)<Fehlerspanne!$B$7,"unter "&Fehlerspanne!$B$7,E8/$B$8)) | F17: =IF(OR($B$8="",N($B$8)=0),"",IF(N(F8)<Fehlerspanne!$B$7,"unter "&Fehlerspanne!$B$7,F8/$B$8)) | G17: =IF(OR($B$8="",N($B$8)=0),"",IF(N(G8)<Fehlerspanne!$B$7,"unter "&Fehlerspanne!$B$7,G8/$B$8)) | H17: =IF(OR($B$8="",N($B$8)=0),"",IF(N(H8)<Fehlerspanne!$B$7,"unter "&Fehlerspanne!$B$7,H8/$B$8)) | I17: =IF(OR($B$8="",N($B$8)=0),"",IF(N(I8)<Fehlerspanne!$B$7,"unter "&Fehlerspanne!$B$7,I8/$B$8))
A18: über 50 | B18: =B9 | C18: =IF(OR($B$9="",N($B$9)=0),"",IF(N(C9)<Fehlerspanne!$B$7,"unter "&Fehlerspanne!$B$7,C9/$B$9)) | D18: =IF(OR($B$9="",N($B$9)=0),"",IF(N(D9)<Fehlerspanne!$B$7,"unter "&Fehlerspanne!$B$7,D9/$B$9)) | E18: =IF(OR($B$9="",N($B$9)=0),"",IF(N(E9)<Fehlerspanne!$B$7,"unter "&Fehlerspanne!$B$7,E9/$B$9)) | F18: =IF(OR($B$9="",N($B$9)=0),"",IF(N(F9)<Fehlerspanne!$B$7,"unter "&Fehlerspanne!$B$7,F9/$B$9)) | G18: =IF(OR($B$9="",N($B$9)=0),"",IF(N(G9)<Fehlerspanne!$B$7,"unter "&Fehlerspanne!$B$7,G9/$B$9)) | H18: =IF(OR($B$9="",N($B$9)=0),"",IF(N(H9)<Fehlerspanne!$B$7,"unter "&Fehlerspanne!$B$7,H9/$B$9)) | I18: =IF(OR($B$9="",N($B$9)=0),"",IF(N(I9)<Fehlerspanne!$B$7,"unter "&Fehlerspanne!$B$7,I9/$B$9))
A19: keine Angabe | B19: =B10 | C19: =IF(OR($B$10="",N($B$10)=0),"",IF(N(C10)<Fehlerspanne!$B$7,"unter "&Fehlerspanne!$B$7,C10/$B$10)) | D19: =IF(OR($B$10="",N($B$10)=0),"",IF(N(D10)<Fehlerspanne!$B$7,"unter "&Fehlerspanne!$B$7,D10/$B$10)) | E19: =IF(OR($B$10="",N($B$10)=0),"",IF(N(E10)<Fehlerspanne!$B$7,"unter "&Fehlerspanne!$B$7,E10/$B$10)) | F19: =IF(OR($B$10="",N($B$10)=0),"",IF(N(F10)<Fehlerspanne!$B$7,"unter "&Fehlerspanne!$B$7,F10/$B$10)) | G19: =IF(OR($B$10="",N($B$10)=0),"",IF(N(G10)<Fehlerspanne!$B$7,"unter "&Fehlerspanne!$B$7,G10/$B$10)) | H19: =IF(OR($B$10="",N($B$10)=0),"",IF(N(H10)<Fehlerspanne!$B$7,"unter "&Fehlerspanne!$B$7,H10/$B$10)) | I19: =IF(OR($B$10="",N($B$10)=0),"",IF(N(I10)<Fehlerspanne!$B$7,"unter "&Fehlerspanne!$B$7,I10/$B$10))
A20: alle | B20: =B11 | C20: =IF(OR($B$11="",N($B$11)=0),"",IF(N(C11)<Fehlerspanne!$B$7,"unter "&Fehlerspanne!$B$7,C11/$B$11)) | D20: =IF(OR($B$11="",N($B$11)=0),"",IF(N(D11)<Fehlerspanne!$B$7,"unter "&Fehlerspanne!$B$7,D11/$B$11)) | E20: =IF(OR($B$11="",N($B$11)=0),"",IF(N(E11)<Fehlerspanne!$B$7,"unter "&Fehlerspanne!$B$7,E11/$B$11)) | F20: =IF(OR($B$11="",N($B$11)=0),"",IF(N(F11)<Fehlerspanne!$B$7,"unter "&Fehlerspanne!$B$7,F11/$B$11)) | G20: =IF(OR($B$11="",N($B$11)=0),"",IF(N(G11)<Fehlerspanne!$B$7,"unter "&Fehlerspanne!$B$7,G11/$B$11)) | H20: =IF(OR($B$11="",N($B$11)=0),"",IF(N(H11)<Fehlerspanne!$B$7,"unter "&Fehlerspanne!$B$7,H11/$B$11)) | I20: =IF(OR($B$11="",N($B$11)=0),"",IF(N(I11)<Fehlerspanne!$B$7,"unter "&Fehlerspanne!$B$7,I11/$B$11))
A22: Prüfung | B22: =IF(SUMPRODUCT((C6:I10>B6:B10)*1)>0,"Eine App hat mehr Nennungen als die Gruppe Befragte — Eingaben prüfen","keine Auffälligkeit")
A24: Mehrfachauswahl: Anteile einer Zeile ergeben zusammen mehr als 100 %. „keine“ ist der Anteil ohne App — der Interviewleitfaden sucht diese Gruppe ausdrücklich.
A25: Anteile einer Altersgruppe erst lesen, wenn die Spalte „Befragte“ die Mindestzahl erreicht (Blatt „Fehlerspanne“).

Sheet E Freitext×Alter
A1: E · Freitext-Kategorie × Altersgruppe
A2: Aufgabe A-28 · erstellt 16.09.2026 · Grundlage: 20-interviews-feedback/wartelisten-umfrage.md, Handbuch B Teil VIII · Nur Summen eintragen, nie einzelne Antworten.
A3: LEGENDE: Gelb mit blauer Schrift = Summen aus dem Umfragewerkzeug eintragen. Alles andere rechnet. Zellen unter 10 werden nicht ausgewiesen.
A5: Code | B5: Kategorie | C5: 18–25 | D5: 26–35 | E5: 36–50 | F5: über 50 | G5: keine Angabe | H5: alle
A6: — | B6: Antworten mit Freitext (Nenner) | H6: =SUM(C6:G6)
A7: DS | B7: Datenschutz, Standort | H7: =SUM(C7:G7)
A8: AB | B8: Ablehnung, Ghosting, Umgangston | H8: =SUM(C8:G8)
A9: WB | B9: Werbung | H9: =SUM(C9:G9)
A10: FK | B10: Fake-Profile, Betrug, Sicherheit | H10: =SUM(C10:G10)
A11: BI | B11: unerwünschte Bilder | H11: =SUM(C11:G11)
A12: PR | B12: Preis, Abo, Bezahlschranken | H12: =SUM(C12:G12)
A13: OR | B13: Orte, Ausgehen | H13: =SUM(C13:G13)
A14: TE | B14: Technik | H14: =SUM(C14:G14)
A15: SO | B15: Sonstiges | H15: =SUM(C15:G15)
A17: Anteil der Freitexte mit diesem Code
A18: Code | B18: Kategorie | C18: 18–25 | D18: 26–35 | E18: 36–50 | F18: über 50 | G18: keine Angabe | H18: alle
A19: DS | B19: Datenschutz, Standort | C19: =IF(OR(C$6="",N(C$6)=0),"",IF(N(C7)<Fehlerspanne!$B$7,"unter "&Fehlerspanne!$B$7,C7/C$6)) | D19: =IF(OR(D$6="",N(D$6)=0),"",IF(N(D7)<Fehlerspanne!$B$7,"unter "&Fehlerspanne!$B$7,D7/D$6)) | E19: =IF(OR(E$6="",N(E$6)=0),"",IF(N(E7)<Fehlerspanne!$B$7,"unter "&Fehlerspanne!$B$7,E7/E$6)) | F19: =IF(OR(F$6="",N(F$6)=0),"",IF(N(F7)<Fehlerspanne!$B$7,"unter "&Fehlerspanne!$B$7,F7/F$6)) | G19: =IF(OR(G$6="",N(G$6)=0),"",IF(N(G7)<Fehlerspanne!$B$7,"unter "&Fehlerspanne!$B$7,G7/G$6)) | H19: =IF(OR(H$6="",N(H$6)=0),"",IF(N(H7)<Fehlerspanne!$B$7,"unter "&Fehlerspanne!$B$7,H7/H$6))
A20: AB | B20: Ablehnung, Ghosting, Umgangston | C20: =IF(OR(C$6="",N(C$6)=0),"",IF(N(C8)<Fehlerspanne!$B$7,"unter "&Fehlerspanne!$B$7,C8/C$6)) | D20: =IF(OR(D$6="",N(D$6)=0),"",IF(N(D8)<Fehlerspanne!$B$7,"unter "&Fehlerspanne!$B$7,D8/D$6)) | E20: =IF(OR(E$6="",N(E$6)=0),"",IF(N(E8)<Fehlerspanne!$B$7,"unter "&Fehlerspanne!$B$7,E8/E$6)) | F20: =IF(OR(F$6="",N(F$6)=0),"",IF(N(F8)<Fehlerspanne!$B$7,"unter "&Fehlerspanne!$B$7,F8/F$6)) | G20: =IF(OR(G$6="",N(G$6)=0),"",IF(N(G8)<Fehlerspanne!$B$7,"unter "&Fehlerspanne!$B$7,G8/G$6)) | H20: =IF(OR(H$6="",N(H$6)=0),"",IF(N(H8)<Fehlerspanne!$B$7,"unter "&Fehlerspanne!$B$7,H8/H$6))
A21: WB | B21: Werbung | C21: =IF(OR(C$6="",N(C$6)=0),"",IF(N(C9)<Fehlerspanne!$B$7,"unter "&Fehlerspanne!$B$7,C9/C$6)) | D21: =IF(OR(D$6="",N(D$6)=0),"",IF(N(D9)<Fehlerspanne!$B$7,"unter "&Fehlerspanne!$B$7,D9/D$6)) | E21: =IF(OR(E$6="",N(E$6)=0),"",IF(N(E9)<Fehlerspanne!$B$7,"unter "&Fehlerspanne!$B$7,E9/E$6)) | F21: =IF(OR(F$6="",N(F$6)=0),"",IF(N(F9)<Fehlerspanne!$B$7,"unter "&Fehlerspanne!$B$7,F9/F$6)) | G21: =IF(OR(G$6="",N(G$6)=0),"",IF(N(G9)<Fehlerspanne!$B$7,"unter "&Fehlerspanne!$B$7,G9/G$6)) | H21: =IF(OR(H$6="",N(H$6)=0),"",IF(N(H9)<Fehlerspanne!$B$7,"unter "&Fehlerspanne!$B$7,H9/H$6))
A22: FK | B22: Fake-Profile, Betrug, Sicherheit | C22: =IF(OR(C$6="",N(C$6)=0),"",IF(N(C10)<Fehlerspanne!$B$7,"unter "&Fehlerspanne!$B$7,C10/C$6)) | D22: =IF(OR(D$6="",N(D$6)=0),"",IF(N(D10)<Fehlerspanne!$B$7,"unter "&Fehlerspanne!$B$7,D10/D$6)) | E22: =IF(OR(E$6="",N(E$6)=0),"",IF(N(E10)<Fehlerspanne!$B$7,"unter "&Fehlerspanne!$B$7,E10/E$6)) | F22: =IF(OR(F$6="",N(F$6)=0),"",IF(N(F10)<Fehlerspanne!$B$7,"unter "&Fehlerspanne!$B$7,F10/F$6)) | G22: =IF(OR(G$6="",N(G$6)=0),"",IF(N(G10)<Fehlerspanne!$B$7,"unter "&Fehlerspanne!$B$7,G10/G$6)) | H22: =IF(OR(H$6="",N(H$6)=0),"",IF(N(H10)<Fehlerspanne!$B$7,"unter "&Fehlerspanne!$B$7,H10/H$6))
A23: BI | B23: unerwünschte Bilder | C23: =IF(OR(C$6="",N(C$6)=0),"",IF(N(C11)<Fehlerspanne!$B$7,"unter "&Fehlerspanne!$B$7,C11/C$6)) | D23: =IF(OR(D$6="",N(D$6)=0),"",IF(N(D11)<Fehlerspanne!$B$7,"unter "&Fehlerspanne!$B$7,D11/D$6)) | E23: =IF(OR(E$6="",N(E$6)=0),"",IF(N(E11)<Fehlerspanne!$B$7,"unter "&Fehlerspanne!$B$7,E11/E$6)) | F23: =IF(OR(F$6="",N(F$6)=0),"",IF(N(F11)<Fehlerspanne!$B$7,"unter "&Fehlerspanne!$B$7,F11/F$6)) | G23: =IF(OR(G$6="",N(G$6)=0),"",IF(N(G11)<Fehlerspanne!$B$7,"unter "&Fehlerspanne!$B$7,G11/G$6)) | H23: =IF(OR(H$6="",N(H$6)=0),"",IF(N(H11)<Fehlerspanne!$B$7,"unter "&Fehlerspanne!$B$7,H11/H$6))
A24: PR | B24: Preis, Abo, Bezahlschranken | C24: =IF(OR(C$6="",N(C$6)=0),"",IF(N(C12)<Fehlerspanne!$B$7,"unter "&Fehlerspanne!$B$7,C12/C$6)) | D24: =IF(OR(D$6="",N(D$6)=0),"",IF(N(D12)<Fehlerspanne!$B$7,"unter "&Fehlerspanne!$B$7,D12/D$6)) | E24: =IF(OR(E$6="",N(E$6)=0),"",IF(N(E12)<Fehlerspanne!$B$7,"unter "&Fehlerspanne!$B$7,E12/E$6)) | F24: =IF(OR(F$6="",N(F$6)=0),"",IF(N(F12)<Fehlerspanne!$B$7,"unter "&Fehlerspanne!$B$7,F12/F$6)) | G24: =IF(OR(G$6="",N(G$6)=0),"",IF(N(G12)<Fehlerspanne!$B$7,"unter "&Fehlerspanne!$B$7,G12/G$6)) | H24: =IF(OR(H$6="",N(H$6)=0),"",IF(N(H12)<Fehlerspanne!$B$7,"unter "&Fehlerspanne!$B$7,H12/H$6))
A25: OR | B25: Orte, Ausgehen | C25: =IF(OR(C$6="",N(C$6)=0),"",IF(N(C13)<Fehlerspanne!$B$7,"unter "&Fehlerspanne!$B$7,C13/C$6)) | D25: =IF(OR(D$6="",N(D$6)=0),"",IF(N(D13)<Fehlerspanne!$B$7,"unter "&Fehlerspanne!$B$7,D13/D$6)) | E25: =IF(OR(E$6="",N(E$6)=0),"",IF(N(E13)<Fehlerspanne!$B$7,"unter "&Fehlerspanne!$B$7,E13/E$6)) | F25: =IF(OR(F$6="",N(F$6)=0),"",IF(N(F13)<Fehlerspanne!$B$7,"unter "&Fehlerspanne!$B$7,F13/F$6)) | G25: =IF(OR(G$6="",N(G$6)=0),"",IF(N(G13)<Fehlerspanne!$B$7,"unter "&Fehlerspanne!$B$7,G13/G$6)) | H25: =IF(OR(H$6="",N(H$6)=0),"",IF(N(H13)<Fehlerspanne!$B$7,"unter "&Fehlerspanne!$B$7,H13/H$6))
A26: TE | B26: Technik | C26: =IF(OR(C$6="",N(C$6)=0),"",IF(N(C14)<Fehlerspanne!$B$7,"unter "&Fehlerspanne!$B$7,C14/C$6)) | D26: =IF(OR(D$6="",N(D$6)=0),"",IF(N(D14)<Fehlerspanne!$B$7,"unter "&Fehlerspanne!$B$7,D14/D$6)) | E26: =IF(OR(E$6="",N(E$6)=0),"",IF(N(E14)<Fehlerspanne!$B$7,"unter "&Fehlerspanne!$B$7,E14/E$6)) | F26: =IF(OR(F$6="",N(F$6)=0),"",IF(N(F14)<Fehlerspanne!$B$7,"unter "&Fehlerspanne!$B$7,F14/F$6)) | G26: =IF(OR(G$6="",N(G$6)=0),"",IF(N(G14)<Fehlerspanne!$B$7,"unter "&Fehlerspanne!$B$7,G14/G$6)) | H26: =IF(OR(H$6="",N(H$6)=0),"",IF(N(H14)<Fehlerspanne!$B$7,"unter "&Fehlerspanne!$B$7,H14/H$6))
A27: SO | B27: Sonstiges | C27: =IF(OR(C$6="",N(C$6)=0),"",IF(N(C15)<Fehlerspanne!$B$7,"unter "&Fehlerspanne!$B$7,C15/C$6)) | D27: =IF(OR(D$6="",N(D$6)=0),"",IF(N(D15)<Fehlerspanne!$B$7,"unter "&Fehlerspanne!$B$7,D15/D$6)) | E27: =IF(OR(E$6="",N(E$6)=0),"",IF(N(E15)<Fehlerspanne!$B$7,"unter "&Fehlerspanne!$B$7,E15/E$6)) | F27: =IF(OR(F$6="",N(F$6)=0),"",IF(N(F15)<Fehlerspanne!$B$7,"unter "&Fehlerspanne!$B$7,F15/F$6)) | G27: =IF(OR(G$6="",N(G$6)=0),"",IF(N(G15)<Fehlerspanne!$B$7,"unter "&Fehlerspanne!$B$7,G15/G$6)) | H27: =IF(OR(H$6="",N(H$6)=0),"",IF(N(H15)<Fehlerspanne!$B$7,"unter "&Fehlerspanne!$B$7,H15/H$6))
A29: Prüfung | B29: =IF(SUM(C6:G6)>'B Gebiet×Alter'!$G$10,"Mehr Freitexte als Befragte — Eingaben prüfen","keine Auffälligkeit")
A31: Eine Antwort kann mehrere Codes haben; die Anteile einer Spalte ergeben zusammen mehr als 100 %.
A32: Code DS ist kein Beleg der Kernthese: Die Wartelistenseite spricht von Datenschutz, die Befragten sind eingestimmt (Umfrage, Befund 2).
A33: Anteile einer Altersgruppe erst lesen, wenn die Zeile „Antworten mit Freitext“ dort die Mindestzahl erreicht (Blatt „Fehlerspanne“).

Sheet F Vergleich
A1: F · Gebiete: Umfrage gegen ganze Warteliste
A2: Aufgabe A-28 · erstellt 16.09.2026 · Grundlage: 20-interviews-feedback/wartelisten-umfrage.md, Handbuch B Teil VIII · Nur Summen eintragen, nie einzelne Antworten.
A3: LEGENDE: Gelb mit blauer Schrift = Summen aus dem Umfragewerkzeug eintragen. Alles andere rechnet. Zellen unter 10 werden nicht ausgewiesen.
A5: Größe aus tor-1-vorlage.xlsx, Blatt „PLZ-Summen“ | B5: Wert | C5: Zelle dort
A6: alle bestätigten Eintragungen | C6: H6
A7: davon Startstadt | C7: H7
A8: davon 3-km-Umkreis Schaafenstraße | C8: H8
A10: Vergleich
A11: Gebiet | B11: Umfrage: Antworten | C11: Umfrage: Anteil | D11: Warteliste: Eintragungen | E11: Warteliste: Anteil | F11: Unterschied (Prozentpunkte) | G11: größer als die Spanne?
A12: 3-km-Umkreis Schaafenstraße | B12: ='B Gebiet×Alter'!G6 | C12: =IF(N(SUM($B$12:$B$14))=0,"",B12/SUM($B$12:$B$14)) | D12: =IF(B8="","",B8) | E12: =IF(OR(D12="",N($B$6)=0),"",D12/$B$6) | F12: =IF(OR(C12="",E12=""),"",(C12-E12)*100) | G12: =IF(F12="","",IF(ABS(F12)/100>Fehlerspanne!$B$6*SQRT(Fehlerspanne!$B$5*(1-Fehlerspanne!$B$5)/SUM($B$12:$B$14)),"ja — Umfrage spricht für einen Ausschnitt","nein"))
A13: übrige Startstadt | B13: ='B Gebiet×Alter'!G7 | C13: =IF(N(SUM($B$12:$B$14))=0,"",B13/SUM($B$12:$B$14)) | D13: =IF(OR(B7="",B8=""),"",B7-B8) | E13: =IF(OR(D13="",N($B$6)=0),"",D13/$B$6) | F13: =IF(OR(C13="",E13=""),"",(C13-E13)*100) | G13: =IF(F13="","",IF(ABS(F13)/100>Fehlerspanne!$B$6*SQRT(Fehlerspanne!$B$5*(1-Fehlerspanne!$B$5)/SUM($B$12:$B$14)),"ja — Umfrage spricht für einen Ausschnitt","nein"))
A14: außerhalb der Startstadt | B14: ='B Gebiet×Alter'!G8 | C14: =IF(N(SUM($B$12:$B$14))=0,"",B14/SUM($B$12:$B$14)) | D14: =IF(OR(B6="",B7=""),"",B6-B7) | E14: =IF(OR(D14="",N($B$6)=0),"",D14/$B$6) | F14: =IF(OR(C14="",E14=""),"",(C14-E14)*100) | G14: =IF(F14="","",IF(ABS(F14)/100>Fehlerspanne!$B$6*SQRT(Fehlerspanne!$B$5*(1-Fehlerspanne!$B$5)/SUM($B$12:$B$14)),"ja — Umfrage spricht für einen Ausschnitt","nein"))
A16: Prüfung | B16: =IF(OR(B6="",B7="",B8=""),"Warteliste-Summen eintragen",IF(OR(B8>B7,B7>B6),"Summen widersprüchlich: 3-km ≤ Startstadt ≤ alle","keine Auffälligkeit"))
A18: Antworten ohne Postleitzahl zählen im Vergleich nicht mit. Die Warteliste ist eine Vollzählung, die Umfrage ein Ausschnitt.
A19: Größer als die Spanne heißt: Der Unterschied ist vermutlich kein Zufall. Dann die Umfrage nur für die Gruppen lesen, die sie wirklich abbildet.

Sheet Fehlerspanne
A1: Fehlerspanne und Regeln
A2: Aufgabe A-28 · erstellt 16.09.2026 · Grundlage: 20-interviews-feedback/wartelisten-umfrage.md, Handbuch B Teil VIII · Nur Summen eintragen, nie einzelne Antworten.
A3: LEGENDE: Gelb mit blauer Schrift = Summen aus dem Umfragewerkzeug eintragen. Alles andere rechnet. Zellen unter 10 werden nicht ausgewiesen.
A4: Größe | B4: Wert | C4: Herkunft
A5: Anteil im ungünstigsten Fall | B5: 0.5 | C5: Bei 50 % ist die Spanne am größten — so gerechnet, gilt sie für jeden Anteil.
A6: z-Wert für 95 % | B6: 1.96 | C6: Standardwert
A7: Kleinste Zelle, die ausgewiesen wird | B7: 10 | C7: Regel 3 der Umfrage: kleinere Zellen erscheinen als „unter 10“ (Datenschutz und Zufall).
A8: Mindestzahl je Gruppe für Anteile | B8: 100 | C8: Regel 1: darunter nur Rangfolgen und Beispiele (rund ±10 Prozentpunkte).
A10: Spanne nach Fallzahl
A11: Fallzahl n | B11: Spanne ± | C11: mit Endlichkeitskorrektur bei Listengröße unten
A12: 30 | B12: =IF(N(A12)=0,"",Fehlerspanne!$B$6*SQRT(Fehlerspanne!$B$5*(1-Fehlerspanne!$B$5)/A12)) | C12: =IF(OR(N(A12)=0,N($B$19)<=1,A12>$B$19),"",B12*SQRT(($B$19-A12)/($B$19-1)))
A13: 50 | B13: =IF(N(A13)=0,"",Fehlerspanne!$B$6*SQRT(Fehlerspanne!$B$5*(1-Fehlerspanne!$B$5)/A13)) | C13: =IF(OR(N(A13)=0,N($B$19)<=1,A13>$B$19),"",B13*SQRT(($B$19-A13)/($B$19-1)))
A14: 100 | B14: =IF(N(A14)=0,"",Fehlerspanne!$B$6*SQRT(Fehlerspanne!$B$5*(1-Fehlerspanne!$B$5)/A14)) | C14: =IF(OR(N(A14)=0,N($B$19)<=1,A14>$B$19),"",B14*SQRT(($B$19-A14)/($B$19-1)))
A15: 200 | B15: =IF(N(A15)=0,"",Fehlerspanne!$B$6*SQRT(Fehlerspanne!$B$5*(1-Fehlerspanne!$B$5)/A15)) | C15: =IF(OR(N(A15)=0,N($B$19)<=1,A15>$B$19),"",B15*SQRT(($B$19-A15)/($B$19-1)))
A16: 400 | B16: =IF(N(A16)=0,"",Fehlerspanne!$B$6*SQRT(Fehlerspanne!$B$5*(1-Fehlerspanne!$B$5)/A16)) | C16: =IF(OR(N(A16)=0,N($B$19)<=1,A16>$B$19),"",B16*SQRT(($B$19-A16)/($B$19-1)))
A17: 1000 | B17: =IF(N(A17)=0,"",Fehlerspanne!$B$6*SQRT(Fehlerspanne!$B$5*(1-Fehlerspanne!$B$5)/A17)) | C17: =IF(OR(N(A17)=0,N($B$19)<=1,A17>$B$19),"",B17*SQRT(($B$19-A17)/($B$19-1)))
A19: Größe der Warteliste (bestätigte Eintragungen) für die Korrektur | C19: Aus tor-1-vorlage.xlsx, Blatt „PLZ-Summen“, Zelle H6. Leer lassen, wenn unbekannt.
A21: Die Spanne deckt nur den Zufall ab — nicht Selbstauswahl, Einstimmung, Abbruch oder Mehrfachteilnahme (Umfrage, Abschnitt 4.5).
A22: Regel 2: Einen Unterschied zwischen zwei Gruppen erst lesen, wenn er größer ist als beide Spannen zusammen.
A23: Die Spannen sind als Prozentpunkte zu lesen: 9,8 % heißt, ein gemessener Anteil von 40 % liegt mit 95 % Sicherheit zwischen 30,2 und 49,8 %.
